claim_id,doc_id,label
5,13734012,SUPPORT
42,18174210,CONTRADICT
49,5953485,SUPPORT
50,12580014,SUPPORT
51,45638119,CONTRADICT
53,45638119,SUPPORT
56,4709641,SUPPORT
57,4709641,CONTRADICT
70,4414547,SUPPORT
70,5956380,SUPPORT
72,6076903,CONTRADICT
100,4381486,SUPPORT
113,6157837,SUPPORT
115,33872649,SUPPORT
118,6372244,SUPPORT
118,4465735,SUPPORT
124,4883040,SUPPORT
129,27768226,CONTRADICT
130,27768226,SUPPORT
137,26016929,SUPPORT
141,14437255,SUPPORT
142,10582939,CONTRADICT
143,10582939,SUPPORT
146,10582939,SUPPORT
148,10012166,SUPPORT
148,1084345,SUPPORT
163,18872233,CONTRADICT
171,12670680,CONTRADICT
179,16322674,SUPPORT
179,23557241,SUPPORT
179,17450673,SUPPORT
180,16966326,CONTRADICT
183,12827098,SUPPORT
208,13519661,CONTRADICT
213,27054878,CONTRADICT
216,21366394,CONTRADICT
217,21366394,SUPPORT
218,21366394,SUPPORT
219,21366394,CONTRADICT
232,7655029,SUPPORT
233,4388470,CONTRADICT
236,4388470,SUPPORT
248,1568684,SUPPORT
249,1568684,CONTRADICT
274,11614737,SUPPORT
275,4961038,SUPPORT
279,14376683,SUPPORT
295,20310709,SUPPORT
298,39381118,SUPPORT
303,4085204,SUPPORT
314,4347374,SUPPORT
327,17997584,SUPPORT
338,23349986,CONTRADICT
343,5884524,SUPPORT
350,16927286,SUPPORT
354,8774475,CONTRADICT
380,19005293,SUPPORT
385,1032372,SUPPORT
399,791050,SUPPORT
410,14924526,SUPPORT
411,14924526,SUPPORT
415,6309659,SUPPORT
436,14637235,SUPPORT
443,10165258,SUPPORT
491,56893404,SUPPORT
501,17930286,SUPPORT
507,7433668,SUPPORT
516,29564505,CONTRADICT
525,13639330,SUPPORT
536,16056514,SUPPORT
539,13282296,SUPPORT
540,11886686,SUPPORT
540,17150648,SUPPORT
540,45154987,SUPPORT
549,9433958,SUPPORT
552,1471041,SUPPORT
569,23460562,SUPPORT
578,8764879,CONTRADICT
587,16999023,SUPPORT
589,10984005,SUPPORT
593,19675911,CONTRADICT
613,9638032,SUPPORT
641,5912283,SUPPORT
674,2095573,CONTRADICT
692,24088502,CONTRADICT
693,24088502,SUPPORT
718,17587795,CONTRADICT
721,1834762,SUPPORT
723,5531479,SUPPORT
727,36444198,SUPPORT
728,36444198,SUPPORT
729,26851674,SUPPORT
742,32159283,SUPPORT
743,32159283,CONTRADICT
744,4138659,SUPPORT
756,27134527,SUPPORT
759,1805641,SUPPORT
770,15476777,SUPPORT
781,8246922,CONTRADICT
781,40632104,SUPPORT
783,8246922,SUPPORT
793,8551160,CONTRADICT
805,22180793,SUPPORT
808,36606083,CONTRADICT
811,19799455,CONTRADICT
823,15319019,SUPPORT
832,30303335,SUPPORT
837,15928989,SUPPORT
839,1469751,SUPPORT
845,17741440,SUPPORT
847,16787954,SUPPORT
859,1982286,SUPPORT
882,14803797,CONTRADICT
903,10648422,CONTRADICT
904,7370282,SUPPORT
907,6923961,SUPPORT
911,11254556,SUPPORT
921,1642727,SUPPORT
922,17077004,CONTRADICT
936,5483793,SUPPORT
957,123859,SUPPORT
960,8780599,SUPPORT
971,27873158,SUPPORT
971,9764256,SUPPORT
971,46695481,SUPPORT
982,2988714,SUPPORT
985,6828370,SUPPORT
993,16472469,SUPPORT
1012,9745001,SUPPORT
1029,11899391,CONTRADICT
1029,13940200,CONTRADICT
1041,25254425,CONTRADICT
1049,12486491,CONTRADICT
1062,20381484,SUPPORT
1086,39281140,SUPPORT
1089,17628888,SUPPORT
1099,7454794,SUPPORT
1099,21557614,SUPPORT
1099,7662206,SUPPORT
1100,21557614,CONTRADICT
1100,7454794,CONTRADICT
1100,7662206,SUPPORT
1104,3898784,SUPPORT
1107,20532591,SUPPORT
1107,29381091,SUPPORT
1110,13770184,CONTRADICT
1121,4456756,SUPPORT
1130,17997584,CONTRADICT
1132,33499189,SUPPORT
1137,33370,SUPPORT
1140,12009265,CONTRADICT
1144,10071552,CONTRADICT
1146,13906581,SUPPORT
1150,11369420,SUPPORT
1163,15305881,CONTRADICT
1180,31272411,SUPPORT
1185,16737210,SUPPORT
1187,12737132,SUPPORT
1187,52873726,SUPPORT
1202,3475317,SUPPORT
1207,18909530,SUPPORT
1216,24142891,SUPPORT
1225,9650982,SUPPORT
1226,11951999,SUPPORT
1232,13905670,CONTRADICT
1241,4427392,SUPPORT
1259,24341590,SUPPORT
1262,44172171,SUPPORT
1266,37480103,SUPPORT
1270,13900610,CONTRADICT
1271,13768432,SUPPORT
1273,11041152,SUPPORT
1274,27731651,SUPPORT
1280,29214508,SUPPORT
1290,4687948,CONTRADICT
1292,56893404,CONTRADICT
1298,11718220,SUPPORT
1303,12631697,CONTRADICT
1319,16284655,SUPPORT
1320,16284655,CONTRADICT
1339,15482274,CONTRADICT
1344,6896063,CONTRADICT
1352,12885341,SUPPORT
1359,11614737,CONTRADICT
1368,2425364,SUPPORT
1370,2425364,CONTRADICT
1379,16322674,SUPPORT
1379,23557241,SUPPORT
1379,17450673,SUPPORT
1382,17755060,CONTRADICT
1385,306006,CONTRADICT
1389,23895668,SUPPORT
